key,lead_time_hours
CC-3624,140.90182495117188
CC-3617,128.8052520751953
CC-3618,137.42477416992188
CC-2782,147.39138793945312
CC-3666,148.30018615722656
